{"cameraMode":{"drawMode":0,"name":"Shaded","section":"Shading Mode"},"sceneLighting":false,"audioPlay":false,"sceneViewState":{"m_AlwaysRefresh":false,"showFog":true,"showSkybox":false,"showFlares":true,"showImageEffects":true,"showParticleSystems":true,"showVisualEffectGraphs":true,"m_FxEnabled":true},"in2DMode":false,"pivot":{"x":-0.00013899803161621094,"y":1.3088264465332032,"z":0.20958605408668519},"rotation":{"x":-0.06715099513530731,"y":0.919435977935791,"z":-0.34325969219207766,"w":-0.17988339066505433},"size":2.199923038482666,"orthographic":false}