{"cameraMode":{"drawMode":0,"name":"Shaded","section":"Shading Mode"},"sceneLighting":true,"audioPlay":false,"sceneViewState":{"m_AlwaysRefresh":false,"showFog":true,"showSkybox":true,"showFlares":true,"showImageEffects":true,"showParticleSystems":true,"showVisualEffectGraphs":true,"m_FxEnabled":true},"in2DMode":false,"pivot":{"x":-21.925735473632814,"y":-50.999244689941409,"z":-71.22358703613281},"rotation":{"x":0.055531129240989688,"y":-0.9378023743629456,"z":0.2931510806083679,"w":0.17763125896453858},"size":53.26218795776367,"orthographic":false}