{"cameraMode":{"drawMode":0,"name":"Shaded","section":"Shading Mode"},"sceneLighting":true,"audioPlay":false,"sceneViewState":{"m_AlwaysRefresh":false,"showFog":true,"showSkybox":true,"showFlares":true,"showImageEffects":true,"showParticleSystems":true,"showVisualEffectGraphs":true,"m_FxEnabled":true},"in2DMode":false,"pivot":{"x":16.392457962036134,"y":11.493583679199219,"z":-0.29605621099472048},"rotation":{"x":-0.1852187067270279,"y":-0.5310477018356323,"z":0.12011345475912094,"w":-0.8181806206703186},"size":1.9316819906234742,"orthographic":false}