{"cameraMode":{"drawMode":0,"name":"Shaded","section":"Shading Mode"},"sceneLighting":true,"audioPlay":false,"sceneViewState":{"m_AlwaysRefresh":false,"showFog":true,"showSkybox":true,"showFlares":true,"showImageEffects":true,"showParticleSystems":true,"showVisualEffectGraphs":true,"m_FxEnabled":true},"in2DMode":false,"pivot":{"x":-6.23468542098999,"y":19.511611938476564,"z":-20.105836868286134},"rotation":{"x":-0.32829150557518008,"y":-0.16022399067878724,"z":0.05646241083741188,"w":-0.9292688369750977},"size":0.7316820025444031,"orthographic":false}