{"cameraMode":{"drawMode":0,"name":"Shaded","section":"Shading Mode"},"sceneLighting":false,"audioPlay":false,"sceneViewState":{"m_AlwaysRefresh":false,"showFog":true,"showSkybox":false,"showFlares":true,"showImageEffects":true,"showParticleSystems":true,"showVisualEffectGraphs":true,"m_FxEnabled":true},"in2DMode":false,"pivot":{"x":-0.8388676643371582,"y":-2.5939369201660158,"z":-7.4141082763671879},"rotation":{"x":-0.4955350160598755,"y":-0.047648802399635318,"z":0.027230843901634218,"w":-0.8668538331985474},"size":33.39382553100586,"orthographic":false}