{"cameraMode":{"drawMode":0,"name":"Shaded","section":"Shading Mode"},"sceneLighting":false,"audioPlay":false,"sceneViewState":{"m_AlwaysRefresh":false,"showFog":true,"showSkybox":false,"showFlares":true,"showImageEffects":true,"showParticleSystems":true,"showVisualEffectGraphs":true,"m_FxEnabled":true},"in2DMode":false,"pivot":{"x":8.566506385803223,"y":-42.904422760009769,"z":35.66330337524414},"rotation":{"x":-0.3514323830604553,"y":0.003048689104616642,"z":-0.0012861480936408043,"w":-0.9363001585006714},"size":53.179054260253909,"orthographic":false}